-- trancate table
TRUNCATE TABLE influencer;
TRUNCATE TABLE influencer_socialmedia;
TRUNCATE TABLE influencer_demogra;
TRUNCATE TABLE nps;

-- insert influencer
INSERT INTO `influencer` (`influencer_id`,`auth_id`,`is_active`,`line_user_id`,`nonce`,`sns_status`,`email`,`address_flag`,`bank_flag`,`audit_status`,`prefecture`,`notice_flag`,`is_planb`,`is_terms`,`operation_date`,`login_at`,`created_at`,`updated_at`) VALUES ('a166b250-a17b-11ea-8304-06dcdaiid001','611234ebf4d4420069158147',1,'U951f859ff27dfdc1a1fb715fdf13a11e',NULL,3,'youngseok.oh+inf-01@plan-b.co.jp',1,0,2,27,3,0,1,NULL,'2022-05-31 13:55:33','2021-08-10 17:12:27','2022-05-31 13:55:33');
INSERT INTO `influencer` (`influencer_id`,`auth_id`,`is_active`,`line_user_id`,`nonce`,`sns_status`,`email`,`address_flag`,`bank_flag`,`audit_status`,`prefecture`,`notice_flag`,`is_planb`,`is_terms`,`operation_date`,`login_at`,`created_at`,`updated_at`) VALUES ('a166b250-a17b-11ea-8304-06dcdaiid002','615fe6d2a392710070244ffb',1,NULL,NULL,3,'youngseok.oh+inf-60@plan-b.co.jp',0,0,1,1,3,0,1,NULL,NULL,'2021-10-08 15:36:02','2021-10-29 17:27:13');

-- insert influencer_socialmedia
INSERT INTO `influencer_socialmedia` (`influencer_socialmedia_id`,`influencer_id`,`media_id`,`socialmedia_id`,`biography`,`followers_count`,`media_count`,`follows_count`,`profile_image_url`,`username`,`created_at`,`updated_at`,`deleted_at`,`is_active`,`pr_rate`,`pr_engagement`,`avg_comment_count`,`recent_comment_max`,`recent_comment_min`,`recent_like_max`,`recent_like_min`,`age_man_rate_1`,`age_man_rate_2`,`age_man_rate_3`,`age_man_rate_4`,`age_man_rate_5`,`age_man_rate_6`,`age_women_rate_1`,`age_women_rate_2`,`age_women_rate_3`,`age_women_rate_4`,`age_women_rate_5`,`age_women_rate_6`,`is_update`,`post_rate`) VALUES (1,'a166b250-a17b-11ea-8304-06dcdaiid001','_941020_',1,'ふくおかのひと',5000,856,232,'https://scontent.fitm1-1.fna.fbcdn.net/v/t51.2885-15/246547938_592637368597734_6764010612338598145_n.jpg?_nc_cat=102&ccb=1-5&_nc_sid=86c713&_nc_ohc=nxiuOS_YEoYAX8QQBH6&_nc_ht=scontent.fitm1-1.fna&edm=AL-3X8kEAAAA&oh=5ad82baa539588ce94e80216f7ab0502&oe=617BBA0F','kanna','2021-08-10 17:12:27','2021-11-15 17:50:19',NULL,1,26.00,0.00,10,51,0,4401,0,0,0,0,0,0,0,0,0,0,0,0,0,1,NULL);
INSERT INTO `influencer_socialmedia` (`influencer_socialmedia_id`,`influencer_id`,`media_id`,`socialmedia_id`,`biography`,`followers_count`,`media_count`,`follows_count`,`profile_image_url`,`username`,`created_at`,`updated_at`,`deleted_at`,`is_active`,`pr_rate`,`pr_engagement`,`avg_comment_count`,`recent_comment_max`,`recent_comment_min`,`recent_like_max`,`recent_like_min`,`age_man_rate_1`,`age_man_rate_2`,`age_man_rate_3`,`age_man_rate_4`,`age_man_rate_5`,`age_man_rate_6`,`age_women_rate_1`,`age_women_rate_2`,`age_women_rate_3`,`age_women_rate_4`,`age_women_rate_5`,`age_women_rate_6`,`is_update`,`post_rate`) VALUES (2,'a166b250-a17b-11ea-8304-06dcdaiid002','_kiegram',1,'@unju_official director\nGIANNA model   nagoya ⇄ tokyo\nYouTube  ／ channel kie  ?',157910,1293,211,'https://scontent-nrt1-1.xx.fbcdn.net/v/t51.2885-15/129772860_4753399551399536_1820855420624582480_n.jpg?_nc_cat=104&ccb=1-5&_nc_sid=86c713&_nc_ohc=iW6k3iI6Cj8AX_BlpgM&_nc_ht=scontent-nrt1-1.xx&edm=AL-3X8kEAAAA&oh=79edce98f71ed487693296c7aaf97952&oe=617FCEA1','kie','2021-10-08 15:36:02','2022-01-18 17:08:32',NULL,1,16.00,0.03,13,63,1,6928,0,0,0,0,0,0,0,0,0,0,0,0,0,1,0.00);

-- insert influencer_demogra
INSERT INTO `influencer_demogra` (`id`,`influencer_id`,`gender`,`birthday`,`created_at`,`updated_at`) VALUES (1,'a166b250-a17b-11ea-8304-06dcdaiid001',2,'2000-08-13','2021-08-10 17:12:27','2021-08-17 20:20:57');
INSERT INTO `influencer_demogra` (`id`,`influencer_id`,`gender`,`birthday`,`created_at`,`updated_at`) VALUES (2,'a166b250-a17b-11ea-8304-06dcdaiid002',1,'1986-01-01','2021-10-08 15:36:02','2022-08-18 14:48:00');

-- insert nps
INSERT INTO `nps` (`nps_id`,`m_project_id`,`influencer_id`,`score`,`comment`,`is_active`,`created_at`,`updated_at`) VALUES (1,'6e8c9654-ff28-11eb-b9a3-0242ac160005','a166b250-a17b-11ea-8304-06dcdaiid001','3','OK',1,'2021-08-17 16:46:01','2021-08-17 16:46:01');
INSERT INTO `nps` (`nps_id`,`m_project_id`,`influencer_id`,`score`,`comment`,`is_active`,`created_at`,`updated_at`) VALUES (2,'951c156a-fe6a-11eb-aedc-0242ac160005','a166b250-a17b-11ea-8304-06dcdaiid001','3','aaa',1,'2021-08-25 18:58:34','2021-08-25 18:58:34');
INSERT INTO `nps` (`nps_id`,`m_project_id`,`influencer_id`,`score`,`comment`,`is_active`,`created_at`,`updated_at`) VALUES (3,'37bf43ce-0612-11ec-a431-0242ac160005','a166b250-a17b-11ea-8304-06dcdaiid001','1','a',1,'2021-08-26 11:57:59','2021-08-26 11:57:59');
INSERT INTO `nps` (`nps_id`,`m_project_id`,`influencer_id`,`score`,`comment`,`is_active`,`created_at`,`updated_at`) VALUES (4,'4b20b24c-061a-11ec-a206-0242ac160005','a166b250-a17b-11ea-8304-06dcdaiid001','3','NG',1,'2021-08-26 12:12:42','2021-08-26 12:12:42');
INSERT INTO `nps` (`nps_id`,`m_project_id`,`influencer_id`,`score`,`comment`,`is_active`,`created_at`,`updated_at`) VALUES (5,'f55fde40-0629-11ec-b57b-0242ac160005','a166b250-a17b-11ea-8304-06dcdaiid001','1','a',1,'2021-08-26 13:57:52','2021-08-26 13:57:52');
INSERT INTO `nps` (`nps_id`,`m_project_id`,`influencer_id`,`score`,`comment`,`is_active`,`created_at`,`updated_at`) VALUES (6,'d7a5034a-062d-11ec-9612-0242ac160005','a166b250-a17b-11ea-8304-06dcdaiid001','1','aaa',1,'2021-08-26 17:36:37','2021-08-26 17:36:37');
INSERT INTO `nps` (`nps_id`,`m_project_id`,`influencer_id`,`score`,`comment`,`is_active`,`created_at`,`updated_at`) VALUES (7,'c5bed3aa-0adc-11ec-836f-0242ac160005','a166b250-a17b-11ea-8304-06dcdaiid001','1','完了',1,'2021-09-01 13:32:16','2021-09-01 13:32:16');
INSERT INTO `nps` (`nps_id`,`m_project_id`,`influencer_id`,`score`,`comment`,`is_active`,`created_at`,`updated_at`) VALUES (8,'aa7791e4-0add-11ec-8fb8-0242ac160005','a166b250-a17b-11ea-8304-06dcdaiid001','1','NG',1,'2021-09-01 13:34:43','2021-09-01 13:34:43');
INSERT INTO `nps` (`nps_id`,`m_project_id`,`influencer_id`,`score`,`comment`,`is_active`,`created_at`,`updated_at`) VALUES (9,'71fa52ac-41dd-11ec-a82e-0242ac160005','a166b250-a17b-11ea-8304-06dcdaiid001','3','fgasdgasdgsd',1,'2021-11-18 14:15:18','2021-11-18 14:15:18');
INSERT INTO `nps` (`nps_id`,`m_project_id`,`influencer_id`,`score`,`comment`,`is_active`,`created_at`,`updated_at`) VALUES (10,'a166b250-a17b-11ea-8304-06dcdaiid002','a166b250-a17b-11ea-8304-06dcdaiid002','3','テスト',1,'2021-11-18 14:15:18','2021-11-18 14:15:18');

commit;